SN,Base_IOPS
ST1000NX0423,128.802284
ST1000NX0313,60.169833

